{
  "$schema": "https://raw.githubusercontent.com/spdx/spdx-spec/v2.2.1/schemas/spdx-schema.json",
  "spdxVersion": "SPDX-2.2",
  "dataLicense": "CC0-1.0",
  "SPDXID": "SPDXRef-DOCUMENT",
  "documentNamespace": "https://spdx.org/spdxdocs/glm-x86-windows-1.0.1#3-ba5ab837-4030-4789-a6e7-bc65d77250c6",
  "name": "glm:x86-windows@1.0.1#3 83c63b3f7b5bf307cd8c8c6db4e35c93946c48128ad5a280aafd6911dd994a69",
  "creationInfo": {
    "creators": [
      "Tool: vcpkg-2025-04-07-b8b513ba8778c918cff49c3e837aae5999d5d2aa"
    ],
    "created": "2025-04-10T22:10:52Z"
  },
  "relationships": [
    {
      "spdxElementId": "SPDXRef-port",
      "relationshipType": "GENERATES",
      "relatedSpdxElement": "SPDXRef-binary"
    },
    {
      "spdxElementId": "SPDXRef-port",
      "relationshipType": "CONTAINS",
      "relatedSpdxElement": "SPDXRef-file-0"
    },
    {
      "spdxElementId": "SPDXRef-port",
      "relationshipType": "CONTAINS",
      "relatedSpdxElement": "SPDXRef-file-1"
    },
    {
      "spdxElementId": "SPDXRef-port",
      "relationshipType": "CONTAINS",
      "relatedSpdxElement": "SPDXRef-file-2"
    },
    {
      "spdxElementId": "SPDXRef-port",
      "relationshipType": "CONTAINS",
      "relatedSpdxElement": "SPDXRef-file-3"
    },
    {
      "spdxElementId": "SPDXRef-binary",
      "relationshipType": "GENERATED_FROM",
      "relatedSpdxElement": "SPDXRef-port"
    },
    {
      "spdxElementId": "SPDXRef-file-0",
      "relationshipType": "CONTAINED_BY",
      "relatedSpdxElement": "SPDXRef-port"
    },
    {
      "spdxElementId": "SPDXRef-file-1",
      "relationshipType": "CONTAINED_BY",
      "relatedSpdxElement": "SPDXRef-port"
    },
    {
      "spdxElementId": "SPDXRef-file-2",
      "relationshipType": "CONTAINED_BY",
      "relatedSpdxElement": "SPDXRef-port"
    },
    {
      "spdxElementId": "SPDXRef-file-3",
      "relationshipType": "CONTAINED_BY",
      "relatedSpdxElement": "SPDXRef-port"
    },
    {
      "spdxElementId": "SPDXRef-file-3",
      "relationshipType": "DEPENDENCY_MANIFEST_OF",
      "relatedSpdxElement": "SPDXRef-port"
    }
  ],
  "packages": [
    {
      "name": "glm",
      "SPDXID": "SPDXRef-port",
      "versionInfo": "1.0.1#3",
      "downloadLocation": "git+https://github.com/Microsoft/vcpkg#ports/glm",
      "homepage": "https://glm.g-truc.net",
      "licenseConcluded": "MIT",
      "licenseDeclared": "NOASSERTION",
      "copyrightText": "NOASSERTION",
      "description": "OpenGL Mathematics (GLM)",
      "comment": "This is the port (recipe) consumed by vcpkg."
    },
    {
      "name": "glm:x86-windows",
      "SPDXID": "SPDXRef-binary",
      "versionInfo": "83c63b3f7b5bf307cd8c8c6db4e35c93946c48128ad5a280aafd6911dd994a69",
      "downloadLocation": "NONE",
      "licenseConcluded": "MIT",
      "licenseDeclared": "NOASSERTION",
      "copyrightText": "NOASSERTION",
      "comment": "This is a binary package built by vcpkg."
    },
    {
      "SPDXID": "SPDXRef-resource-0",
      "name": "g-truc/glm",
      "downloadLocation": "git+https://github.com/g-truc/glm@1.0.1",
      "licenseConcluded": "NOASSERTION",
      "licenseDeclared": "NOASSERTION",
      "copyrightText": "NOASSERTION",
      "checksums": [
        {
          "algorithm": "SHA512",
          "checksumValue": "c6c6fa1ea7a7e97820e36ee042a78be248ae828c99c1b1111080d9bf334a5160c9993a70312351c92a867cd49907c95f9f357c8dfe2bc29946da6e83e27ba20c"
        }
      ]
    }
  ],
  "files": [
    {
      "fileName": "./fix-clang.patch",
      "SPDXID": "SPDXRef-file-0",
      "checksums": [
        {
          "algorithm": "SHA256",
          "checksumValue": "11175e50d673af29546980307e6a1dfab07cb73259a0672a6c9b2b42508c287b"
        }
      ],
      "licenseConcluded": "NOASSERTION",
      "copyrightText": "NOASSERTION"
    },
    {
      "fileName": "./portfile.cmake",
      "SPDXID": "SPDXRef-file-1",
      "checksums": [
        {
          "algorithm": "SHA256",
          "checksumValue": "4c42ae3b630892e6556e00a08208f5ffbc9c3fdea36dee666788043692b641c8"
        }
      ],
      "licenseConcluded": "NOASSERTION",
      "copyrightText": "NOASSERTION"
    },
    {
      "fileName": "./usage",
      "SPDXID": "SPDXRef-file-2",
      "checksums": [
        {
          "algorithm": "SHA256",
          "checksumValue": "2e9da7655db7eb2a2b58bb857e20ddfb46c0483235d2c868e819f72d10b18287"
        }
      ],
      "licenseConcluded": "NOASSERTION",
      "copyrightText": "NOASSERTION"
    },
    {
      "fileName": "./vcpkg.json",
      "SPDXID": "SPDXRef-file-3",
      "checksums": [
        {
          "algorithm": "SHA256",
          "checksumValue": "e667d77bbd9bc58bcb5eed3017574428bbe6debb8f6c46354b9482465010fe62"
        }
      ],
      "licenseConcluded": "NOASSERTION",
      "copyrightText": "NOASSERTION"
    }
  ]
}
